 0307, 2,      -99999.000,      -99999.000,"WARNING 0307 - No MI Projection specified. Non-Earth Coordinates will be used.","","","","https://wiki.tuflow.com/TUFLOW_Message_0307"
 2550, 2,      433970.500,     4450058.500,"WARNING 2550 - 1 instability timestep corrections recorded at cell [1348;0358].","","","","https://wiki.tuflow.com/TUFLOW_Message_2550"
 2550, 2,      433971.500,     4450055.500,"WARNING 2550 - 1 instability timestep corrections recorded at cell [1345;0359].","","","","https://wiki.tuflow.com/TUFLOW_Message_2550"
 2550, 2,      433971.500,     4450056.500,"WARNING 2550 - 1 instability timestep corrections recorded at cell [1346;0359].","","","","https://wiki.tuflow.com/TUFLOW_Message_2550"
 2550, 2,      433971.500,     4450058.500,"WARNING 2550 - 1 instability timestep corrections recorded at cell [1348;0359].","","","","https://wiki.tuflow.com/TUFLOW_Message_2550"
 2550, 2,      433971.500,     4450059.500,"WARNING 2550 - 1 instability timestep corrections recorded at cell [1349;0359].","","","","https://wiki.tuflow.com/TUFLOW_Message_2550"
 2550, 2,      433972.500,     4450055.500,"WARNING 2550 - 1 instability timestep corrections recorded at cell [1345;0360].","","","","https://wiki.tuflow.com/TUFLOW_Message_2550"
 2550, 2,      433972.500,     4450056.500,"WARNING 2550 - 2 instability timestep corrections recorded at cell [1346;0360].","","","","https://wiki.tuflow.com/TUFLOW_Message_2550"
 2550, 2,      433972.500,     4450057.500,"WARNING 2550 - 1 instability timestep corrections recorded at cell [1347;0360].","","","","https://wiki.tuflow.com/TUFLOW_Message_2550"
 2550, 2,      433972.500,     4450059.500,"WARNING 2550 - 1 instability timestep corrections recorded at cell [1349;0360].","","","","https://wiki.tuflow.com/TUFLOW_Message_2550"
 2550, 2,      433972.500,     4450060.500,"WARNING 2550 - 1 instability timestep corrections recorded at cell [1350;0360].","","","","https://wiki.tuflow.com/TUFLOW_Message_2550"
 2550, 2,      433973.500,     4450049.500,"WARNING 2550 - 1 instability timestep corrections recorded at cell [1339;0361].","","","","https://wiki.tuflow.com/TUFLOW_Message_2550"
 2550, 2,      433973.500,     4450051.500,"WARNING 2550 - 1 instability timestep corrections recorded at cell [1341;0361].","","","","https://wiki.tuflow.com/TUFLOW_Message_2550"
 2550, 2,      433973.500,     4450052.500,"WARNING 2550 - 2 instability timestep corrections recorded at cell [1342;0361].","","","","https://wiki.tuflow.com/TUFLOW_Message_2550"
 2550, 2,      433973.500,     4450053.500,"WARNING 2550 - 1 instability timestep corrections recorded at cell [1343;0361].","","","","https://wiki.tuflow.com/TUFLOW_Message_2550"
 2550, 2,      433973.500,     4450054.500,"WARNING 2550 - 1 instability timestep corrections recorded at cell [1344;0361].","","","","https://wiki.tuflow.com/TUFLOW_Message_2550"
 2550, 2,      433973.500,     4450056.500,"WARNING 2550 - 1 instability timestep corrections recorded at cell [1346;0361].","","","","https://wiki.tuflow.com/TUFLOW_Message_2550"
 2550, 2,      433973.500,     4450057.500,"WARNING 2550 - 2 instability timestep corrections recorded at cell [1347;0361].","","","","https://wiki.tuflow.com/TUFLOW_Message_2550"
 2550, 2,      433974.500,     4450046.500,"WARNING 2550 - 1 instability timestep corrections recorded at cell [1336;0362].","","","","https://wiki.tuflow.com/TUFLOW_Message_2550"
 2550, 2,      433974.500,     4450047.500,"WARNING 2550 - 1 instability timestep corrections recorded at cell [1337;0362].","","","","https://wiki.tuflow.com/TUFLOW_Message_2550"
 2550, 2,      433974.500,     4450049.500,"WARNING 2550 - 1 instability timestep corrections recorded at cell [1339;0362].","","","","https://wiki.tuflow.com/TUFLOW_Message_2550"
 2550, 2,      433974.500,     4450050.500,"WARNING 2550 - 1 instability timestep corrections recorded at cell [1340;0362].","","","","https://wiki.tuflow.com/TUFLOW_Message_2550"
 2550, 2,      433974.500,     4450052.500,"WARNING 2550 - 2 instability timestep corrections recorded at cell [1342;0362].","","","","https://wiki.tuflow.com/TUFLOW_Message_2550"
 2550, 2,      433974.500,     4450053.500,"WARNING 2550 - 1 instability timestep corrections recorded at cell [1343;0362].","","","","https://wiki.tuflow.com/TUFLOW_Message_2550"
 2550, 2,      433974.500,     4450055.500,"WARNING 2550 - 1 instability timestep corrections recorded at cell [1345;0362].","","","","https://wiki.tuflow.com/TUFLOW_Message_2550"
 2550, 2,      433975.500,     4450044.500,"WARNING 2550 - 1 instability timestep corrections recorded at cell [1334;0363].","","","","https://wiki.tuflow.com/TUFLOW_Message_2550"
 2550, 2,      433975.500,     4450045.500,"WARNING 2550 - 1 instability timestep corrections recorded at cell [1335;0363].","","","","https://wiki.tuflow.com/TUFLOW_Message_2550"
 2550, 2,      433975.500,     4450046.500,"WARNING 2550 - 1 instability timestep corrections recorded at cell [1336;0363].","","","","https://wiki.tuflow.com/TUFLOW_Message_2550"
 2550, 2,      433975.500,     4450047.500,"WARNING 2550 - 3 instability timestep corrections recorded at cell [1337;0363].","","","","https://wiki.tuflow.com/TUFLOW_Message_2550"
 2550, 2,      433975.500,     4450048.500,"WARNING 2550 - 3 instability timestep corrections recorded at cell [1338;0363].","","","","https://wiki.tuflow.com/TUFLOW_Message_2550"
 2550, 2,      433975.500,     4450050.500,"WARNING 2550 - 1 instability timestep corrections recorded at cell [1340;0363].","","","","https://wiki.tuflow.com/TUFLOW_Message_2550"
 2550, 2,      433975.500,     4450051.500,"WARNING 2550 - 1 instability timestep corrections recorded at cell [1341;0363].","","","","https://wiki.tuflow.com/TUFLOW_Message_2550"
 2550, 2,      433976.500,     4450041.500,"WARNING 2550 - 3 instability timestep corrections recorded at cell [1331;0364].","","","","https://wiki.tuflow.com/TUFLOW_Message_2550"
 2550, 2,      433976.500,     4450042.500,"WARNING 2550 - 1 instability timestep corrections recorded at cell [1332;0364].","","","","https://wiki.tuflow.com/TUFLOW_Message_2550"
 2550, 2,      433976.500,     4450043.500,"WARNING 2550 - 2 instability timestep corrections recorded at cell [1333;0364].","","","","https://wiki.tuflow.com/TUFLOW_Message_2550"
 2550, 2,      433976.500,     4450044.500,"WARNING 2550 - 3 instability timestep corrections recorded at cell [1334;0364].","","","","https://wiki.tuflow.com/TUFLOW_Message_2550"
 2550, 2,      433976.500,     4450045.500,"WARNING 2550 - 1 instability timestep corrections recorded at cell [1335;0364].","","","","https://wiki.tuflow.com/TUFLOW_Message_2550"
 2550, 2,      433976.500,     4450046.500,"WARNING 2550 - 2 instability timestep corrections recorded at cell [1336;0364].","","","","https://wiki.tuflow.com/TUFLOW_Message_2550"
 2550, 2,      433976.500,     4450047.500,"WARNING 2550 - 2 instability timestep corrections recorded at cell [1337;0364].","","","","https://wiki.tuflow.com/TUFLOW_Message_2550"
 2550, 2,      433977.500,     4450040.500,"WARNING 2550 - 4 instability timestep corrections recorded at cell [1330;0365].","","","","https://wiki.tuflow.com/TUFLOW_Message_2550"
 2550, 2,      433977.500,     4450041.500,"WARNING 2550 - 6 instability timestep corrections recorded at cell [1331;0365].","","","","https://wiki.tuflow.com/TUFLOW_Message_2550"
 2550, 2,      433977.500,     4450042.500,"WARNING 2550 - 4 instability timestep corrections recorded at cell [1332;0365].","","","","https://wiki.tuflow.com/TUFLOW_Message_2550"
 2550, 2,      433977.500,     4450043.500,"WARNING 2550 - 1 instability timestep corrections recorded at cell [1333;0365].","","","","https://wiki.tuflow.com/TUFLOW_Message_2550"
 2550, 2,      433977.500,     4450044.500,"WARNING 2550 - 2 instability timestep corrections recorded at cell [1334;0365].","","","","https://wiki.tuflow.com/TUFLOW_Message_2550"
 2550, 2,      433977.500,     4450045.500,"WARNING 2550 - 3 instability timestep corrections recorded at cell [1335;0365].","","","","https://wiki.tuflow.com/TUFLOW_Message_2550"
 2550, 2,      433977.500,     4450046.500,"WARNING 2550 - 1 instability timestep corrections recorded at cell [1336;0365].","","","","https://wiki.tuflow.com/TUFLOW_Message_2550"
 2550, 2,      433978.500,     4450037.500,"WARNING 2550 - 1 instability timestep corrections recorded at cell [1327;0366].","","","","https://wiki.tuflow.com/TUFLOW_Message_2550"
 2550, 2,      433978.500,     4450038.500,"WARNING 2550 - 5 instability timestep corrections recorded at cell [1328;0366].","","","","https://wiki.tuflow.com/TUFLOW_Message_2550"
 2550, 2,      433978.500,     4450039.500,"WARNING 2550 - 3 instability timestep corrections recorded at cell [1329;0366].","","","","https://wiki.tuflow.com/TUFLOW_Message_2550"
 2550, 2,      433978.500,     4450040.500,"WARNING 2550 - 4 instability timestep corrections recorded at cell [1330;0366].","","","","https://wiki.tuflow.com/TUFLOW_Message_2550"
 2550, 2,      433978.500,     4450041.500,"WARNING 2550 - 6 instability timestep corrections recorded at cell [1331;0366].","","","","https://wiki.tuflow.com/TUFLOW_Message_2550"
 2550, 2,      433978.500,     4450042.500,"WARNING 2550 - 4 instability timestep corrections recorded at cell [1332;0366].","","","","https://wiki.tuflow.com/TUFLOW_Message_2550"
 2550, 2,      433978.500,     4450043.500,"WARNING 2550 - 2 instability timestep corrections recorded at cell [1333;0366].","","","","https://wiki.tuflow.com/TUFLOW_Message_2550"
 2550, 2,      433978.500,     4450044.500,"WARNING 2550 - 1 instability timestep corrections recorded at cell [1334;0366].","","","","https://wiki.tuflow.com/TUFLOW_Message_2550"
 2550, 2,      433979.500,     4450036.500,"WARNING 2550 - 1 instability timestep corrections recorded at cell [1326;0367].","","","","https://wiki.tuflow.com/TUFLOW_Message_2550"
